x,y
147,-519
147,-525
147,-533
148,-507
148,-511
148,-515
148,-529
148,-537
148,-541
148,-545
148,-549
148,-554
149,-499
149,-503
149,-522
149,-559
149,-564
150,-491
150,-495
150,-510
150,-532
150,-540
150,-548
150,-553
150,-569
151,-487
151,-502
151,-517
151,-521
151,-527
151,-558
151,-563
151,-574
151,-579
152,-479
152,-483
152,-507
152,-537
152,-545
152,-568
152,-586
153,-490
153,-495
153,-499
153,-573
153,-578
153,-593
154,-475
154,-482
154,-536
154,-542
154,-567
154,-583
154,-590
154,-598
155,-472
155,-487
155,-560
155,-564
155,-572
155,-602
156,-469
156,-478
156,-532
156,-556
156,-578
156,-587
156,-595
156,-606
157,-466
157,-536
157,-553
157,-583
157,-600
157,-610
158,-463
158,-476
158,-529
158,-559
158,-563
158,-568
158,-574
158,-591
159,-460
159,-471
159,-525
159,-550
159,-597
159,-607
159,-614
160,-456
160,-547
160,-555
160,-603
160,-618
161,-466
161,-522
161,-528
161,-544
161,-612
162,-452
162,-461
162,-519
162,-541
162,-552
162,-596
162,-607
162,-617
163,-456
163,-526
163,-537
163,-573
163,-611
163,-625
164,-448
164,-517
164,-548
164,-562
164,-585
164,-616
164,-622
165,-451
165,-455
165,-514
165,-523
165,-535
165,-544
165,-572
165,-594
166,-444
166,-540
166,-561
167,-511
167,-519
167,-533
167,-619
167,-624
167,-628
168,-441
168,-447
168,-539
168,-560
169,-508
169,-515
169,-529
169,-547
169,-584
169,-608
169,-618
169,-631
169,-635
170,-438
170,-445
170,-536
170,-543
170,-625
171,-504
171,-511
171,-525
171,-532
171,-552
171,-556
171,-629
172,-435
172,-441
172,-539
172,-547
172,-582
172,-595
172,-605
173,-503
173,-508
173,-522
173,-528
173,-555
173,-628
173,-634
173,-638
174,-432
174,-439
174,-499
174,-519
174,-561
174,-574
174,-604
175,-526
175,-619
175,-633
175,-642
176,-429
176,-436
176,-498
176,-506
176,-516
176,-537
176,-565
177,-487
177,-522
177,-554
177,-570
177,-618
177,-639
178,-427
178,-433
178,-497
178,-503
178,-514
178,-593
178,-636
179,-519
179,-534
179,-583
179,-604
179,-642
179,-646
180,-424
180,-479
180,-495
180,-502
180,-512
180,-549
180,-574
180,-592
180,-617
181,-518
181,-633
181,-641
182,-428
182,-500
182,-528
182,-548
182,-616
182,-650
183,-421
183,-493
183,-510
183,-515
183,-570
183,-580
183,-647
184,-425
184,-471
184,-497
184,-563
184,-615
184,-644
185,-490
185,-508
185,-604
186,-418
186,-423
186,-446
186,-461
186,-513
186,-542
186,-562
186,-585
186,-593
186,-614
186,-652
187,-488
187,-494
187,-506
187,-633
187,-643
187,-649
188,-417
188,-444
188,-512
188,-526
188,-536
188,-655
189,-486
189,-492
189,-502
189,-557
189,-590
190,-415
190,-509
190,-525
190,-578
190,-613
190,-632
190,-653
191,-441
191,-483
191,-505
191,-550
191,-603
191,-650
191,-658
192,-413
192,-489
192,-500
192,-631
192,-662
193,-440
193,-482
193,-504
193,-524
193,-573
193,-587
193,-612
194,-487
194,-498
194,-545
194,-596
194,-654
194,-658
195,-411
195,-438
195,-480
195,-503
195,-565
195,-586
195,-629
196,-486
196,-496
196,-522
196,-539
196,-611
196,-646
196,-662
197,-410
197,-420
197,-435
197,-474
197,-479
197,-502
197,-558
197,-628
197,-657
197,-666
198,-484
198,-495
198,-582
198,-601
199,-408
199,-433
199,-500
199,-517
199,-538
199,-608
199,-627
199,-661
200,-438
200,-465
200,-554
200,-573
200,-654
200,-665
201,-407
201,-477
201,-481
201,-493
201,-516
201,-626
201,-670
202,-431
202,-497
202,-536
202,-598
202,-606
203,-406
203,-435
203,-474
203,-490
203,-515
203,-552
203,-568
203,-625
203,-645
203,-663
203,-668
204,-463
204,-582
205,-405
205,-429
205,-478
205,-494
205,-531
205,-551
205,-567
205,-592
205,-644
205,-666
206,-422
206,-433
206,-473
206,-487
206,-610
206,-621
206,-672
207,-404
207,-491
207,-512
207,-530
207,-643
207,-657
208,-428
208,-458
208,-472
208,-485
208,-504
208,-566
208,-609
208,-620
208,-669
208,-675
209,-403
209,-432
209,-490
209,-529
209,-548
209,-582
210,-484
210,-510
210,-602
210,-641
210,-666
210,-678
211,-402
211,-426
211,-431
211,-469
211,-489
211,-500
211,-517
211,-565
211,-593
211,-616
211,-672
212,-481
212,-496
212,-504
212,-508
212,-523
212,-527
212,-544
212,-676
213,-401
213,-422
213,-429
213,-472
213,-513
213,-520
213,-581
213,-635
213,-657
214,-458
214,-467
214,-485
214,-489
214,-502
214,-526
214,-543
214,-561
214,-674
215,-400
215,-421
215,-426
215,-471
215,-480
215,-493
215,-498
215,-516
215,-531
215,-611
215,-620
215,-656
215,-680
216,-506
216,-510
216,-524
216,-535
216,-538
216,-542
216,-580
216,-602
216,-631
216,-683
217,-420
217,-457
217,-470
217,-486
217,-496
217,-514
217,-520
217,-530
217,-558
217,-669
217,-677
218,-399
218,-425
218,-466
218,-482
218,-490
218,-594
218,-648
218,-682
219,-456
219,-527
219,-537
219,-542
219,-549
219,-623
219,-668
219,-687
220,-398
220,-424
220,-479
220,-533
220,-574
220,-593
220,-611
220,-643
220,-680
221,-416
221,-420
221,-465
221,-546
221,-553
221,-657
221,-686
222,-434
222,-477
222,-483
222,-539
222,-557
222,-592
222,-610
223,-397
223,-423
223,-455
223,-464
223,-543
223,-550
223,-569
223,-628
223,-636
223,-683
224,-410
224,-583
224,-623
224,-689
225,-420
225,-463
225,-475
225,-480
225,-547
225,-554
225,-562
225,-607
225,-667
225,-679
225,-693
226,-400
226,-417
226,-454
226,-558
226,-654
226,-686
227,-396
227,-462
227,-474
227,-479
227,-551
227,-565
227,-606
227,-630
227,-645
228,-416
228,-423
228,-453
228,-556
228,-579
228,-592
228,-677
228,-689
228,-693
229,-434
229,-461
229,-561
229,-569
229,-605
229,-664
230,-395
230,-415
230,-421
230,-473
230,-478
230,-565
230,-591
230,-623
230,-641
231,-559
231,-573
231,-633
231,-676
231,-690
231,-696
232,-413
232,-459
232,-477
232,-564
232,-640
232,-655
232,-699
233,-395
233,-419
233,-471
233,-570
233,-577
233,-589
233,-693
234,-404
234,-456
234,-475
234,-620
234,-673
235,-394
235,-415
235,-567
235,-574
235,-604
235,-636
235,-654
235,-696
235,-703
236,-419
236,-454
236,-469
236,-474
236,-582
236,-700
237,-412
237,-571
237,-578
237,-631
237,-653
237,-667
237,-689
238,-394
238,-453
238,-467
238,-473
238,-615
238,-640
238,-697
239,-416
239,-575
239,-581
239,-603
239,-630
239,-652
239,-703
239,-707
240,-393
240,-411
240,-466
240,-586
240,-594
240,-687
241,-419
241,-433
241,-457
241,-471
241,-578
241,-651
241,-678
241,-700
242,-410
242,-446
242,-453
242,-584
242,-625
242,-642
242,-708
243,-397
243,-415
243,-465
243,-470
243,-589
243,-614
243,-704
243,-712
244,-393
244,-418
244,-581
244,-673
245,-410
245,-469
245,-588
245,-593
245,-603
245,-645
245,-699
245,-707
246,-396
246,-452
246,-464
246,-585
246,-667
246,-712
247,-414
247,-625
247,-644
247,-686
247,-716
248,-392
248,-410
248,-451
248,-463
248,-593
248,-614
248,-636
248,-695
248,-709
249,-396
249,-417
249,-468
249,-589
249,-597
249,-602
249,-656
249,-665
249,-719
250,-450
250,-462
250,-649
250,-682
250,-713
251,-414
251,-467
251,-592
251,-601
251,-624
252,-392
252,-396
252,-410
252,-596
252,-707
252,-716
252,-721
252,-725
253,-444
253,-636
253,-678
254,-395
254,-413
254,-450
254,-461
254,-465
254,-595
254,-600
254,-614
254,-647
254,-652
254,-664
254,-719
255,-635
255,-700
255,-724
256,-392
256,-410
256,-604
256,-663
256,-677
256,-693
256,-718
256,-728
257,-441
257,-460
257,-464
257,-599
257,-623
257,-634
257,-655
257,-731
257,-735
258,-396
258,-414
258,-450
258,-603
258,-608
259,-440
259,-662
259,-712
259,-725
259,-734
260,-392
260,-410
260,-464
260,-602
260,-633
260,-690
260,-729
261,-460
261,-607
261,-612
261,-620
261,-655
261,-707
261,-733
261,-739
262,-395
262,-413
262,-449
262,-659
262,-677
262,-689
262,-743
263,-427
263,-606
263,-649
264,-392
264,-410
264,-448
264,-459
264,-463
264,-614
264,-688
264,-703
264,-722
264,-736
264,-749
265,-610
265,-630
265,-740
265,-745
266,-396
266,-447
266,-618
266,-660
266,-687
267,-413
267,-422
267,-462
267,-609
267,-646
267,-673
267,-718
267,-732
267,-743
267,-752
268,-392
268,-410
268,-614
268,-628
268,-664
268,-686
268,-748
268,-756
269,-445
269,-459
269,-465
269,-658
269,-672
269,-731
270,-395
270,-449
270,-613
270,-618
270,-641
270,-685
270,-713
270,-747
271,-414
271,-622
271,-704
271,-752
271,-756
271,-760
272,-410
272,-448
272,-462
272,-617
272,-656
272,-671
272,-729
272,-763
272,-767
273,-392
273,-459
273,-640
273,-666
274,-413
274,-445
274,-621
274,-655
274,-670
274,-756
275,-395
275,-625
275,-632
275,-702
275,-724
275,-744
275,-760
275,-768
276,-411
276,-459
276,-464
276,-618
276,-669
276,-714
276,-764
276,-773
277,-393
277,-443
277,-624
277,-652
277,-686
277,-767
278,-448
278,-458
278,-463
278,-629
278,-772
279,-411
279,-415
279,-622
279,-698
279,-713
279,-740
279,-753
279,-766
279,-777
280,-397
280,-431
280,-447
280,-628
280,-671
280,-685
281,-393
281,-461
281,-641
281,-649
281,-675
281,-732
281,-764
281,-772
281,-781
282,-396
282,-445
282,-626
282,-751
282,-776
283,-412
283,-415
283,-458
283,-632
283,-665
283,-674
283,-709
283,-725
284,-635
284,-684
284,-698
284,-775
284,-784
285,-394
285,-445
285,-461
285,-629
285,-724
285,-746
285,-780
286,-417
286,-634
286,-659
286,-677
286,-763
287,-413
287,-458
287,-464
287,-697
287,-739
287,-779
287,-787
287,-791
288,-394
288,-398
288,-416
288,-445
288,-631
288,-639
288,-647
288,-676
288,-681
288,-719
288,-784
289,-457
289,-463
289,-655
289,-774
289,-790
290,-635
290,-670
290,-695
290,-711
290,-758
291,-398
291,-414
291,-438
291,-461
291,-639
291,-735
291,-785
291,-789
292,-394
292,-418
292,-446
292,-643
292,-681
292,-685
292,-694
292,-751
292,-795
293,-457
293,-636
293,-667
293,-770
294,-397
294,-462
294,-642
294,-655
294,-693
294,-720
294,-730
294,-746
294,-793
295,-415
295,-446
295,-666
295,-684
295,-784
295,-790
296,-459
296,-639
296,-647
296,-711
296,-729
296,-766
296,-800
297,-395
297,-418
297,-465
297,-688
297,-744
297,-796
298,-446
298,-457
298,-643
298,-665
298,-681
298,-710
298,-760
298,-780
299,-416
299,-462
299,-646
299,-691
299,-793
299,-799
300,-397
300,-440
300,-650
300,-742
300,-759
300,-779
301,-460
301,-659
301,-689
301,-707
301,-797
302,-396
302,-418
302,-422
302,-447
302,-465
302,-644
302,-649
302,-695
302,-723
302,-802
303,-458
303,-654
303,-679
303,-733
303,-757
303,-775
303,-805
304,-400
304,-411
304,-421
304,-464
304,-648
304,-692
304,-704
305,-447
305,-653
305,-722
305,-793
305,-799
306,-419
306,-462
306,-668
306,-677
306,-696
306,-742
306,-803
307,-397
307,-410
307,-459
307,-700
307,-721
307,-753
307,-772
307,-807
308,-441
308,-651
308,-656
308,-660
308,-690
308,-789
309,-400
309,-448
309,-467
309,-698
309,-803
309,-810
310,-421
310,-463
310,-655
310,-689
310,-704
310,-716
310,-751
310,-769
311,-399
311,-460
311,-735
311,-784
311,-807
312,-424
312,-659
312,-663
312,-674
312,-701
312,-715
312,-812
313,-403
313,-448
313,-465
313,-743
313,-764
313,-800
314,-422
314,-460
314,-657
314,-667
314,-683
314,-705
314,-807
314,-811
315,-399
315,-441
315,-662
315,-709
315,-763
315,-781
315,-816
316,-450
316,-463
316,-468
316,-682
316,-700
316,-730
316,-752
316,-794
317,-402
317,-426
317,-661
317,-666
317,-707
317,-810
317,-815
318,-423
318,-449
318,-462
318,-467
318,-713
319,-401
319,-670
319,-678
319,-695
319,-725
319,-739
319,-762
319,-777
320,-466
320,-665
320,-710
320,-748
320,-791
320,-812
321,-405
321,-421
321,-427
321,-669
321,-674
321,-694
321,-715
321,-776
321,-804
321,-816
321,-820
322,-450
322,-462
322,-719
322,-747
323,-402
323,-668
323,-708
323,-761
323,-790
323,-814
324,-465
324,-469
324,-673
324,-678
324,-717
324,-734
324,-775
325,-408
325,-427
325,-452
325,-690
325,-707
325,-723
325,-745
325,-803
325,-818
325,-822
326,-404
326,-446
326,-464
326,-672
326,-774
327,-430
327,-677
327,-720
327,-727
327,-815
327,-821
328,-407
328,-470
328,-684
328,-704
328,-742
328,-760
329,-428
329,-453
329,-467
329,-675
329,-681
329,-725
329,-801
329,-820
330,-404
330,-445
330,-733
330,-772
330,-790
330,-814
330,-825
331,-410
331,-464
331,-472
331,-698
331,-730
332,-431
332,-679
332,-686
332,-690
332,-758
332,-789
333,-407
333,-454
333,-468
333,-683
333,-724
333,-738
333,-771
333,-813
333,-821
333,-825
334,-689
334,-716
334,-734
334,-788
335,-412
335,-467
335,-472
335,-682
335,-752
335,-803
336,-408
336,-432
336,-456
336,-696
336,-708
336,-741
336,-745
336,-769
336,-823
337,-471
337,-687
337,-693
337,-786
337,-827
338,-411
338,-435
338,-447
338,-749
338,-812
338,-831
339,-456
339,-469
339,-475
339,-690
339,-701
339,-726
339,-740
339,-766
339,-785
339,-826
340,-409
340,-697
340,-716
340,-754
340,-823
341,-415
341,-460
341,-474
341,-693
341,-760
341,-811
342,-435
342,-701
342,-715
342,-735
342,-802
342,-830
343,-412
343,-458
343,-471
343,-696
343,-706
343,-782
343,-826
344,-434
344,-478
344,-700
344,-734
344,-753
345,-415
345,-474
345,-705
345,-710
345,-800
345,-830
346,-448
346,-481
346,-485
346,-699
346,-714
346,-776
346,-823
347,-412
347,-460
347,-473
347,-727
347,-749
347,-768
347,-827
348,-419
348,-464
348,-478
348,-490
348,-704
348,-709
348,-794
348,-812
348,-821
349,-416
349,-717
350,-445
350,-462
350,-476
350,-482
350,-486
350,-495
350,-503
350,-509
350,-514
350,-519
350,-527
350,-531
350,-539
350,-545
350,-713
350,-746
350,-765
350,-786
350,-820
350,-826
351,-489
351,-499
351,-523
351,-535
351,-553
351,-709
351,-720
351,-724
351,-736
352,-416
352,-481
352,-493
352,-502
352,-507
352,-513
352,-542
352,-549
352,-557
352,-561
352,-819
352,-825
353,-420
353,-435
353,-464
353,-477
353,-518
353,-527
353,-533
353,-568
353,-715
353,-719
353,-727
353,-761
353,-779
353,-807
354,-485
354,-497
354,-506
354,-512
354,-523
354,-538
354,-546
354,-552
354,-560
354,-565
354,-572
354,-576
354,-733
354,-800
354,-817
354,-824
355,-419
355,-424
355,-468
355,-490
355,-530
355,-581
355,-724
355,-730
356,-479
356,-483
356,-495
356,-501
356,-505
356,-511
356,-518
356,-537
356,-543
356,-550
356,-556
356,-564
356,-589
356,-719
356,-740
356,-747
356,-757
356,-776
356,-793
356,-815
356,-822
357,-423
357,-465
357,-569
357,-574
357,-579
357,-585
357,-729
357,-736
358,-482
358,-528
358,-560
358,-596
358,-726
358,-744
358,-756
358,-814
358,-820
359,-420
359,-469
359,-488
359,-568
359,-589
359,-593
359,-600
359,-733
359,-739
359,-752
359,-773
359,-789
360,-428
360,-450
360,-458
360,-480
360,-527
360,-576
360,-581
360,-585
360,-605
360,-743
360,-749
360,-765
360,-809
361,-424
361,-434
361,-438
361,-442
361,-446
361,-454
361,-462
361,-486
361,-612
361,-736
361,-755
361,-761
361,-769
361,-817
362,-466
362,-588
362,-597
362,-602
362,-608
362,-747
362,-773
362,-781
362,-802
362,-813
363,-421
363,-428
363,-432
363,-445
363,-452
363,-470
363,-474
363,-484
363,-525
363,-550
363,-559
363,-593
363,-611
363,-617
363,-741
363,-759
363,-766
363,-777
363,-785
363,-789
363,-808
364,-440
364,-459
364,-464
364,-508
364,-517
364,-600
364,-622
364,-746
364,-752
364,-801
364,-816
365,-414
365,-418
365,-425
365,-436
365,-449
365,-456
365,-469
365,-489
365,-500
365,-543
365,-605
365,-628
365,-756
365,-763
365,-770
365,-783
365,-793
365,-797
365,-807
366,-410
366,-462
366,-485
366,-493
366,-577
366,-586
366,-609
366,-614
366,-619
366,-774
366,-779
366,-814
367,-398
367,-403
367,-407
367,-421
367,-429
367,-433
367,-442
367,-446
367,-452
367,-473
367,-516
367,-570
367,-625
367,-633
367,-761
367,-768
367,-787
367,-791
367,-801
367,-811
368,-414
368,-425
368,-438
368,-456
368,-461
368,-467
368,-477
368,-488
368,-540
368,-559
368,-613
368,-618
368,-638
368,-777
368,-796
368,-805
369,-390
369,-394
369,-402
369,-418
369,-445
369,-492
369,-623
369,-629
369,-783
369,-790
370,-386
370,-398
370,-410
370,-428
370,-435
370,-466
370,-471
370,-481
370,-633
370,-637
370,-646
370,-795
370,-804
370,-809
371,-382
371,-406
371,-413
371,-421
371,-475
371,-488
371,-496
371,-513
371,-536
371,-553
371,-585
371,-598
371,-606
371,-627
371,-642
371,-800
372,-379
372,-389
372,-394
372,-479
372,-506
372,-528
372,-569
372,-632
372,-650
373,-372
373,-376
373,-401
373,-471
373,-484
373,-492
373,-641
373,-655
374,-368
374,-385
374,-397
374,-499
374,-527
374,-551
374,-568
374,-581
374,-596
374,-637
374,-646
375,-364
375,-381
375,-389
375,-475
375,-479
375,-483
375,-488
375,-495
375,-618
375,-650
375,-661
376,-360
376,-374
376,-595
376,-627
376,-644
376,-658
377,-356
377,-367
377,-378
377,-492
377,-498
377,-521
377,-546
377,-564
377,-649
377,-654
377,-664
377,-668
378,-352
378,-371
378,-479
378,-487
378,-503
378,-594
378,-613
379,-348
379,-359
379,-364
379,-484
379,-491
379,-497
379,-513
379,-539
379,-563
379,-657
379,-667
379,-672
379,-676
380,-502
380,-661
380,-682
381,-340
381,-344
381,-351
381,-356
381,-495
381,-512
381,-538
381,-580
381,-589
381,-610
381,-627
381,-638
381,-665
382,-431
382,-463
382,-475
382,-487
382,-501
382,-529
382,-560
382,-671
382,-679
382,-687
383,-336
383,-343
383,-348
383,-449
383,-491
383,-579
383,-647
383,-656
383,-675
384,-333
384,-419
384,-462
384,-498
384,-506
384,-509
384,-528
384,-553
384,-623
384,-669
384,-683
384,-691
385,-329
385,-339
385,-494
385,-513
385,-522
385,-678
385,-697
386,-325
386,-418
386,-502
386,-518
386,-527
386,-575
386,-605
386,-682
386,-687
386,-694
387,-333
387,-444
387,-448
387,-497
387,-549
387,-596
387,-620
387,-637
387,-701
387,-705
388,-318
388,-322
388,-328
388,-398
388,-428
388,-432
388,-437
388,-441
388,-454
388,-458
388,-462
388,-475
388,-501
388,-506
388,-510
388,-516
388,-523
388,-667
388,-686
388,-691
389,-414
389,-467
389,-471
389,-481
389,-527
389,-535
389,-539
389,-567
389,-614
389,-636
389,-648
389,-657
389,-697
389,-704
389,-712
390,-314
390,-406
390,-410
390,-421
390,-425
390,-431
390,-447
390,-452
390,-489
390,-500
390,-513
390,-520
390,-532
390,-546
390,-590
390,-709
391,-311
391,-318
391,-417
391,-436
391,-443
391,-457
391,-462
391,-478
391,-485
391,-493
391,-505
391,-538
391,-561
391,-694
391,-700
391,-718
392,-308
392,-391
392,-395
392,-403
392,-424
392,-430
392,-469
392,-474
392,-497
392,-509
392,-516
392,-523
392,-527
392,-543
392,-576
392,-604
392,-632
392,-678
392,-704
392,-715
393,-304
393,-382
393,-399
393,-410
393,-414
393,-482
393,-488
393,-532
393,-586
393,-666
393,-708
393,-722
393,-726
394,-300
394,-387
394,-406
394,-493
394,-503
394,-512
394,-519
394,-526
394,-536
394,-541
394,-547
394,-551
394,-614
394,-712
395,-373
395,-381
395,-395
395,-500
395,-507
395,-555
395,-585
395,-600
395,-625
395,-648
395,-677
395,-688
395,-719
395,-730
396,-297
396,-303
396,-378
396,-386
396,-391
396,-511
396,-516
396,-540
396,-546
396,-657
396,-715
396,-724
396,-734
397,-293
397,-372
397,-554
397,-560
397,-570
397,-624
397,-703
397,-728
397,-739
398,-289
398,-365
398,-369
398,-377
398,-503
398,-510
398,-550
398,-599
398,-641
398,-666
398,-721
399,-507
399,-515
399,-558
399,-580
399,-697
399,-727
399,-736
399,-743
400,-286
400,-292
400,-358
400,-362
400,-368
400,-501
400,-548
400,-567
400,-613
400,-665
400,-732
401,-283
401,-320
401,-506
401,-514
401,-554
401,-563
401,-579
401,-636
401,-696
401,-713
401,-740
401,-747
401,-751
402,-279
402,-337
402,-351
402,-355
402,-361
402,-558
402,-596
402,-612
402,-654
402,-664
402,-679
402,-688
402,-735
403,-500
403,-505
403,-511
403,-562
403,-625
403,-712
403,-745
403,-757
404,-276
404,-282
404,-319
404,-348
404,-354
404,-470
404,-567
404,-571
404,-611
404,-649
404,-726
404,-740
404,-750
405,-273
405,-345
405,-458
405,-504
405,-510
405,-560
405,-592
405,-754
406,-269
406,-500
406,-570
406,-578
406,-635
406,-663
406,-746
406,-762
407,-342
407,-436
407,-487
407,-565
407,-575
407,-591
407,-646
407,-707
407,-724
407,-759
408,-266
408,-272
408,-335
408,-339
408,-393
408,-411
408,-508
408,-538
408,-569
408,-607
408,-679
408,-689
408,-751
408,-756
408,-766
409,-262
409,-309
409,-426
409,-453
409,-500
409,-504
409,-583
409,-625
409,-662
409,-698
409,-706
409,-770
410,-331
410,-382
410,-537
410,-579
410,-645
410,-745
410,-763
411,-258
411,-268
411,-508
411,-559
411,-572
411,-576
411,-588
411,-661
411,-736
411,-759
411,-768
412,-262
412,-306
412,-327
412,-500
412,-536
412,-582
412,-604
412,-621
412,-635
412,-678
412,-719
412,-773
412,-776
413,-255
413,-323
413,-380
413,-504
413,-513
413,-586
413,-735
413,-765
414,-251
414,-260
414,-320
414,-578
414,-591
414,-658
414,-718
414,-780
415,-487
415,-508
415,-598
415,-616
415,-634
415,-677
415,-691
415,-700
415,-770
415,-775
415,-784
416,-247
416,-256
416,-298
416,-317
416,-365
416,-412
416,-500
416,-504
416,-583
416,-590
416,-595
416,-730
417,-251
417,-530
417,-587
417,-603
417,-615
417,-710
417,-754
417,-762
417,-773
417,-779
417,-783
418,-243
418,-313
418,-411
418,-478
418,-632
418,-647
418,-655
418,-675
418,-746
418,-788
419,-246
419,-250
419,-308
419,-356
419,-505
419,-509
419,-596
419,-600
419,-608
419,-699
420,-239
420,-293
420,-449
420,-501
420,-592
420,-719
420,-781
420,-792
421,-305
421,-345
421,-410
421,-464
421,-508
421,-599
421,-605
421,-628
421,-671
421,-730
421,-772
421,-785
422,-235
422,-242
422,-437
422,-612
422,-616
422,-690
422,-742
422,-789
422,-795
423,-300
423,-344
423,-501
423,-505
423,-577
423,-603
423,-609
423,-666
423,-710
423,-729
423,-754
423,-799
424,-231
424,-239
424,-290
424,-383
424,-565
424,-615
424,-645
424,-655
424,-689
424,-764
424,-787
425,-235
425,-343
425,-509
425,-531
425,-607
425,-620
425,-792
425,-797
426,-228
426,-406
426,-501
426,-624
426,-654
426,-701
426,-719
426,-752
426,-803
427,-342
427,-382
427,-505
427,-612
427,-639
427,-683
427,-781
427,-795
428,-224
428,-232
428,-251
428,-285
428,-299
428,-616
428,-620
428,-627
428,-729
428,-742
428,-772
428,-801
429,-228
429,-482
429,-498
429,-504
429,-509
429,-561
429,-603
429,-630
429,-634
429,-653
429,-677
429,-700
429,-806
429,-810
430,-221
430,-340
430,-380
430,-619
430,-668
430,-712
430,-798
431,-231
431,-249
431,-278
431,-283
431,-468
431,-503
431,-594
431,-624
431,-629
431,-741
431,-770
431,-804
432,-217
432,-225
432,-455
432,-552
432,-637
432,-692
432,-763
432,-789
432,-797
432,-809
433,-221
433,-508
433,-627
433,-633
433,-641
433,-649
433,-667
433,-722
433,-753
433,-813
433,-817
434,-214
434,-272
434,-441
434,-502
434,-731
434,-806
435,-333
435,-506
435,-534
435,-636
435,-687
435,-711
435,-782
436,-211
436,-217
436,-440
436,-631
436,-641
436,-645
436,-679
436,-701
436,-810
437,-221
437,-379
437,-412
437,-586
437,-648
437,-662
437,-740
437,-752
437,-781
437,-814
437,-818
437,-822
438,-208
438,-216
438,-269
438,-498
438,-503
438,-638
438,-678
438,-710
438,-764
439,-213
439,-326
439,-507
439,-533
439,-652
439,-656
439,-723
439,-774
439,-794
439,-804
439,-813
439,-821
440,-205
440,-251
440,-378
440,-642
440,-646
440,-827
441,-210
441,-304
441,-431
441,-496
441,-582
441,-629
441,-650
441,-695
441,-734
441,-749
441,-763
441,-818
442,-202
442,-318
442,-504
442,-532
442,-655
442,-662
442,-672
442,-722
442,-792
442,-825
443,-207
443,-377
443,-484
443,-508
443,-558
443,-619
443,-648
443,-659
443,-704
443,-821
444,-199
444,-241
444,-470
444,-503
444,-574
444,-689
444,-762
444,-831
445,-205
445,-268
445,-412
445,-531
445,-608
445,-653
445,-658
445,-666
445,-703
445,-743
445,-781
445,-790
445,-805
445,-828
446,-196
446,-202
446,-240
446,-293
446,-502
446,-670
446,-681
446,-715
446,-814
446,-824
447,-355
447,-508
447,-607
447,-657
447,-663
447,-734
447,-758
447,-834
448,-193
448,-200
448,-411
448,-463
448,-668
448,-776
448,-828
448,-838
449,-373
449,-501
449,-506
449,-662
449,-698
449,-725
449,-752
449,-832
450,-190
450,-197
450,-347
450,-606
450,-667
450,-673
450,-676
450,-803
451,-222
451,-410
451,-449
451,-505
451,-680
451,-690
451,-715
451,-743
451,-774
451,-789
451,-824
451,-836
452,-188
452,-194
452,-267
452,-293
452,-532
452,-648
452,-815
452,-840
452,-844
453,-221
453,-240
453,-438
453,-501
453,-670
453,-675
453,-708
453,-742
453,-788
453,-801
453,-833
454,-185
454,-192
454,-314
454,-327
454,-341
454,-409
454,-488
454,-505
454,-575
454,-604
454,-683
454,-687
454,-734
454,-768
454,-843
455,-220
455,-266
455,-673
455,-679
455,-725
455,-761
455,-814
455,-837
456,-182
456,-188
456,-487
456,-502
456,-641
456,-686
456,-701
456,-786
457,-219
457,-508
457,-593
457,-754
457,-840
457,-846
457,-850
458,-180
458,-265
458,-373
458,-501
458,-566
458,-640
458,-679
458,-683
458,-692
458,-718
458,-813
459,-185
459,-209
459,-466
459,-506
459,-689
459,-696
459,-753
459,-779
459,-801
459,-829
459,-843
459,-849
460,-177
460,-482
460,-533
460,-565
460,-639
460,-670
460,-710
460,-735
461,-184
461,-264
461,-296
461,-404
461,-686
461,-744
461,-752
461,-774
461,-811
461,-828
461,-847
462,-174
462,-181
462,-502
462,-506
462,-564
462,-638
462,-694
462,-701
462,-727
462,-840
462,-853
463,-199
463,-317
463,-393
463,-690
463,-698
463,-767
463,-794
463,-857
464,-178
464,-263
464,-364
464,-532
464,-726
464,-810
464,-848
464,-852
465,-171
465,-392
465,-455
465,-501
465,-694
465,-705
465,-718
465,-766
465,-787
465,-827
466,-175
466,-316
466,-505
466,-561
466,-595
466,-702
466,-709
466,-743
466,-803
466,-859
467,-169
467,-340
467,-353
467,-391
467,-444
467,-531
467,-698
467,-765
467,-852
468,-174
468,-503
468,-672
468,-701
468,-825
468,-841
468,-856
469,-166
469,-256
469,-315
469,-613
469,-707
469,-714
469,-738
469,-754
469,-764
469,-781
469,-861
469,-865
470,-172
470,-472
470,-500
470,-530
470,-629
470,-711
470,-798
471,-164
471,-225
471,-487
471,-506
471,-704
471,-727
471,-737
471,-753
471,-780
471,-858
472,-169
472,-382
472,-424
472,-440
472,-693
472,-719
472,-793
472,-811
472,-820
472,-839
472,-852
472,-863
473,-162
473,-251
473,-503
473,-708
473,-715
473,-867
474,-218
474,-301
474,-423
474,-500
474,-645
474,-671
474,-712
474,-751
474,-838
474,-860
475,-159
475,-166
475,-203
475,-471
475,-523
475,-595
475,-718
475,-725
475,-778
475,-807
475,-866
476,-300
476,-422
476,-564
476,-722
476,-737
476,-750
476,-830
476,-871
477,-163
477,-246
477,-372
477,-470
477,-500
477,-505
477,-594
477,-670
477,-714
477,-767
477,-777
477,-793
477,-806
477,-851
477,-863
478,-156
478,-196
478,-421
478,-749
478,-821
478,-870
479,-160
479,-245
479,-346
479,-499
479,-504
479,-618
479,-718
479,-726
479,-730
479,-776
479,-805
479,-867
480,-154
480,-195
480,-362
480,-420
480,-593
480,-722
480,-792
480,-850
480,-875
481,-244
481,-323
481,-345
481,-463
481,-634
481,-734
481,-747
481,-838
482,-151
482,-158
482,-296
482,-404
482,-502
482,-523
482,-713
482,-725
482,-729
482,-820
482,-869
482,-873
483,-280
483,-344
483,-498
483,-564
483,-665
483,-733
483,-766
483,-847
483,-863
483,-878
484,-155
484,-191
484,-393
484,-452
484,-459
484,-587
484,-699
484,-776
484,-832
485,-148
485,-279
485,-444
485,-448
485,-456
485,-466
485,-470
485,-474
485,-479
485,-504
485,-563
485,-728
485,-737
485,-741
485,-791
485,-805
485,-872
485,-877
486,-152
486,-240
486,-343
486,-440
486,-462
486,-484
486,-500
486,-651
486,-698
486,-818
486,-846
487,-224
487,-278
487,-436
487,-451
487,-465
487,-477
487,-488
487,-492
487,-562
487,-732
487,-736
487,-762
487,-775
487,-876
487,-882
488,-145
488,-150
488,-183
488,-387
488,-422
488,-427
488,-432
488,-446
488,-457
488,-472
488,-496
488,-547
488,-746
488,-790
488,-804
488,-817
488,-862
489,-223
489,-277
489,-342
489,-418
489,-439
489,-481
489,-486
489,-500
489,-504
489,-523
489,-697
489,-735
489,-743
489,-754
489,-774
489,-832
489,-843
489,-875
489,-881
490,-148
490,-182
490,-414
490,-421
490,-426
490,-491
490,-740
490,-861
491,-142
491,-222
491,-276
491,-410
491,-495
491,-546
491,-624
491,-880
492,-146
492,-320
492,-381
492,-406
492,-499
492,-739
492,-746
492,-750
492,-771
492,-831
492,-885
493,-140
493,-399
493,-403
493,-503
493,-623
493,-642
493,-789
493,-803
493,-817
493,-858
493,-888
494,-145
494,-221
494,-275
494,-335
494,-545
494,-668
494,-686
494,-728
494,-744
494,-754
494,-764
494,-874
495,-138
495,-380
495,-392
495,-396
495,-420
495,-497
495,-502
495,-622
495,-749
495,-788
495,-816
495,-882
495,-887
496,-144
496,-312
496,-667
496,-727
496,-753
496,-802
496,-844
496,-854
497,-136
497,-182
497,-274
497,-388
497,-496
497,-501
497,-544
497,-593
497,-747
497,-758
497,-830
497,-885
498,-142
498,-378
498,-609
498,-872
498,-891
499,-134
499,-374
499,-385
499,-592
499,-726
499,-782
499,-843
499,-895
500,-140
500,-215
500,-471
500,-486
500,-496
500,-501
500,-660
500,-751
500,-755
500,-760
500,-764
500,-773
500,-800
500,-887
501,-132
501,-255
501,-268
501,-370
501,-456
501,-815
501,-828
501,-842
501,-866
501,-891
502,-366
502,-500
502,-531
502,-591
502,-659
502,-702
502,-725
502,-758
502,-883
503,-130
503,-137
503,-496
503,-763
503,-772
503,-790
503,-798
503,-858
503,-895
504,-209
504,-362
504,-422
504,-756
504,-826
504,-841
504,-890
505,-128
505,-181
505,-358
505,-448
505,-495
505,-767
505,-771
505,-813
505,-857
505,-880
505,-894
506,-134
506,-208
506,-254
506,-333
506,-347
506,-580
506,-656
506,-761
506,-899
507,-316
507,-355
507,-447
507,-499
507,-692
507,-765
507,-785
507,-840
507,-873
508,-125
508,-131
508,-180
508,-386
508,-418
508,-549
508,-579
508,-627
508,-720
508,-770
508,-811
508,-893
508,-898
509,-253
509,-315
509,-446
509,-488
509,-495
509,-530
509,-764
509,-826
510,-128
510,-385
510,-499
510,-578
510,-626
510,-650
510,-691
510,-719
510,-769
510,-801
510,-810
510,-839
510,-869
510,-903
511,-122
511,-179
511,-252
511,-445
511,-774
511,-778
511,-794
511,-857
511,-892
511,-898
512,-208
512,-477
512,-529
512,-577
512,-625
512,-838
512,-882
512,-902
513,-125
513,-238
513,-384
513,-411
513,-444
513,-495
513,-499
513,-503
513,-690
513,-773
513,-825
513,-856
514,-120
514,-178
514,-770
514,-789
514,-881
515,-124
515,-237
515,-315
515,-349
515,-494
515,-575
515,-759
515,-779
515,-783
515,-809
515,-855
515,-899
515,-907
516,-118
516,-300
516,-383
516,-443
516,-502
516,-621
516,-719
516,-776
516,-824
516,-871
516,-903
517,-236
517,-286
517,-518
517,-758
517,-782
517,-854
517,-880
518,-122
518,-382
518,-493
518,-498
518,-801
518,-839
518,-895
518,-902
519,-115
519,-235
519,-506
519,-686
519,-778
519,-786
519,-821
519,-853
519,-909
520,-119
520,-285
520,-342
520,-497
520,-568
520,-614
520,-838
520,-894
520,-906
521,-114
521,-173
521,-234
521,-439
521,-493
521,-656
521,-685
521,-755
521,-781
521,-785
521,-797
521,-810
521,-820
521,-852
522,-372
522,-509
522,-556
522,-790
522,-871
522,-905
523,-112
523,-233
523,-284
523,-341
523,-674
523,-837
523,-911
524,-214
524,-429
524,-493
524,-497
524,-534
524,-613
524,-783
524,-788
524,-809
524,-882
524,-892
525,-110
525,-165
525,-484
525,-512
525,-748
525,-836
525,-870
525,-908
526,-283
526,-319
526,-340
526,-533
526,-655
526,-787
526,-793
527,-420
527,-516
527,-612
527,-720
527,-796
527,-853
527,-869
527,-906
527,-912
527,-916
528,-108
528,-372
528,-483
528,-494
528,-497
528,-532
528,-806
528,-831
528,-891
529,-112
529,-157
529,-419
529,-521
529,-556
529,-719
529,-743
529,-781
529,-790
529,-795
529,-821
529,-852
529,-905
529,-915
530,-214
530,-274
530,-866
531,-105
531,-110
531,-199
531,-235
531,-482
531,-587
531,-651
531,-718
531,-742
531,-793
531,-800
531,-820
531,-884
531,-904
531,-912
532,-130
532,-319
532,-494
532,-512
532,-525
533,-108
533,-151
533,-497
533,-530
533,-780
533,-797
533,-849
533,-865
533,-883
533,-918
534,-103
534,-189
534,-273
534,-578
534,-606
534,-815
534,-841
534,-901
534,-914
535,-107
535,-342
535,-371
535,-396
535,-459
535,-496
535,-536
535,-644
535,-680
535,-794
535,-801
535,-805
535,-832
535,-882
536,-101
536,-150
536,-318
536,-448
536,-543
536,-605
536,-696
536,-711
536,-814
537,-272
537,-411
537,-475
537,-493
537,-549
537,-553
537,-558
537,-643
537,-679
537,-777
537,-798
537,-804
537,-831
537,-862
537,-897
537,-914
537,-918
537,-922
538,-370
538,-563
538,-568
538,-604
539,-99
539,-104
539,-149
539,-182
539,-236
539,-317
539,-497
539,-574
539,-642
539,-803
539,-830
539,-878
539,-921
540,-271
540,-438
540,-442
540,-446
540,-455
540,-459
540,-466
540,-474
540,-492
540,-514
540,-800
540,-848
540,-857
540,-896
540,-913
541,-97
541,-216
541,-235
541,-369
541,-426
541,-430
541,-434
541,-451
541,-470
541,-496
541,-588
541,-771
541,-808
542,-148
542,-270
542,-419
542,-423
542,-445
542,-463
542,-473
542,-481
542,-485
542,-595
542,-640
542,-826
542,-873
542,-918
543,-96
543,-411
543,-429
543,-440
543,-450
543,-459
543,-489
543,-601
543,-679
543,-802
543,-806
543,-844
543,-922
544,-368
544,-404
544,-408
544,-415
544,-422
544,-436
544,-444
544,-455
544,-467
544,-472
544,-478
544,-484
544,-493
544,-639
544,-747
544,-819
544,-889
544,-909
545,-94
545,-210
545,-396
545,-400
545,-428
545,-449
545,-497
545,-606
545,-767
545,-805
545,-811
545,-857
545,-869
545,-920
546,-264
546,-308
546,-414
546,-419
546,-433
546,-439
546,-458
546,-463
546,-470
546,-488
546,-746
546,-908
546,-925
547,-93
547,-362
547,-392
547,-399
547,-408
547,-425
547,-476
547,-481
547,-492
547,-538
547,-612
547,-633
547,-714
547,-804
547,-810
547,-856
547,-884
547,-898
548,-142
548,-184
548,-204
548,-389
548,-404
548,-412
548,-418
548,-485
548,-514
548,-731
548,-839
548,-920
549,-91
549,-236
549,-349
549,-386
549,-395
549,-491
549,-496
549,-618
549,-679
549,-800
549,-809
549,-830
549,-924
550,-107
550,-141
550,-383
550,-398
550,-403
550,-513
550,-554
550,-623
550,-814
550,-821
550,-849
550,-869
550,-881
550,-897
550,-928
551,-348
551,-376
551,-380
551,-414
551,-418
551,-709
552,-89
552,-235
552,-263
552,-372
552,-388
552,-392
552,-397
552,-498
552,-512
552,-570
552,-586
552,-599
552,-629
552,-797
552,-848
552,-868
552,-919
553,-93
553,-307
553,-327
553,-365
553,-369
553,-417
553,-494
553,-678
553,-810
553,-817
553,-838
553,-909
553,-924
553,-928
554,-135
554,-183
554,-361
554,-375
554,-384
554,-482
554,-486
554,-490
554,-796
554,-813
554,-867
554,-893
555,-87
555,-205
555,-234
555,-262
555,-343
555,-380
555,-414
555,-478
555,-927
556,-91
556,-306
556,-357
556,-370
556,-374
556,-420
556,-474
556,-496
556,-541
556,-677
556,-748
556,-770
556,-817
556,-830
556,-860
556,-892
556,-908
557,-125
557,-362
557,-366
557,-465
557,-481
557,-492
557,-500
557,-812
557,-882
557,-925
558,-85
558,-261
558,-350
558,-354
558,-417
558,-454
558,-472
558,-769
558,-791
558,-816
558,-907
558,-931
559,-89
559,-124
559,-232
559,-359
559,-365
559,-495
559,-618
559,-642
559,-676
559,-710
559,-826
559,-846
559,-881
559,-922
560,-179
560,-304
560,-343
560,-347
560,-353
560,-415
560,-470
560,-499
560,-733
560,-815
560,-855
560,-929
561,-83
561,-260
561,-340
561,-588
561,-641
561,-768
561,-820
561,-839
561,-868
561,-880
561,-904
562,-87
562,-337
562,-357
562,-419
562,-446
562,-465
562,-469
562,-493
562,-561
562,-616
562,-732
562,-928
563,-120
563,-169
563,-227
563,-295
563,-334
563,-345
563,-350
563,-497
563,-575
563,-673
563,-819
563,-838
563,-879
563,-903
563,-921
563,-933
564,-81
564,-205
564,-259
564,-330
564,-415
564,-463
564,-662
564,-767
564,-815
564,-824
564,-854
564,-866
564,-895
565,-85
565,-235
565,-341
565,-348
565,-501
565,-541
566,-204
566,-226
566,-326
566,-337
566,-418
566,-441
566,-461
566,-494
566,-607
566,-822
566,-835
566,-920
566,-930
566,-935
567,-79
567,-160
567,-329
567,-333
567,-340
567,-498
567,-818
568,-83
568,-322
568,-415
568,-458
568,-490
568,-561
568,-606
568,-755
568,-851
568,-879
568,-933
569,-253
569,-339
569,-486
569,-494
569,-527
569,-642
569,-667
569,-713
569,-732
569,-821
569,-826
569,-865
569,-895
569,-916
570,-77
570,-226
570,-318
570,-325
570,-332
570,-419
570,-430
570,-501
570,-878
570,-931
571,-81
571,-152
571,-315
571,-328
571,-455
571,-482
571,-489
571,-498
571,-605
571,-672
571,-712
571,-813
571,-820
571,-894
571,-907
571,-915
572,-198
572,-223
572,-297
572,-311
572,-321
572,-415
572,-493
572,-801
572,-825
572,-837
572,-848
572,-877
572,-936
573,-75
573,-122
573,-151
573,-419
573,-462
573,-479
573,-485
573,-497
573,-665
573,-711
573,-862
573,-931
574,-187
574,-222
574,-307
574,-315
574,-320
574,-326
574,-452
574,-475
574,-489
574,-502
574,-544
574,-592
574,-641
574,-675
574,-829
574,-847
574,-876
575,-74
575,-121
575,-310
575,-483
575,-679
575,-822
575,-861
575,-930
575,-935
575,-939
576,-219
576,-296
576,-314
576,-319
576,-415
576,-419
576,-450
576,-474
576,-501
576,-772
576,-826
576,-846
576,-875
576,-894
577,-73
577,-147
577,-304
577,-445
577,-479
577,-498
577,-506
577,-525
577,-563
577,-640
577,-800
577,-907
578,-120
578,-181
578,-217
578,-246
578,-295
578,-308
578,-471
578,-483
578,-585
578,-681
578,-685
578,-824
578,-831
578,-874
578,-917
578,-927
578,-939
579,-302
579,-312
579,-419
579,-477
579,-698
579,-770
579,-893
579,-935
580,-71
580,-180
580,-214
580,-294
580,-415
580,-449
580,-502
580,-506
580,-511
580,-584
580,-684
580,-755
580,-799
580,-828
580,-841
581,-119
581,-245
581,-265
581,-306
581,-468
581,-473
581,-544
581,-637
581,-769
581,-926
581,-938
582,-70
582,-85
582,-179
582,-212
582,-281
582,-291
582,-299
582,-419
582,-439
582,-445
582,-480
582,-505
582,-510
582,-583
582,-689
582,-798
582,-825
582,-831
582,-859
582,-907
583,-303
583,-465
583,-471
583,-476
583,-484
583,-543
583,-693
583,-741
583,-868
583,-891
583,-935
584,-69
584,-118
584,-178
584,-209
584,-244
584,-288
584,-295
584,-415
584,-444
584,-509
584,-515
584,-582
584,-716
584,-830
584,-906
584,-942
585,-299
585,-419
585,-463
585,-479
585,-483
585,-614
585,-672
585,-740
585,-827
585,-851
585,-877
585,-919
585,-939
586,-68
586,-117
586,-177
586,-207
586,-280
586,-292
586,-468
586,-508
586,-514
586,-523
586,-541
586,-633
586,-695
586,-699
586,-835
586,-843
587,-286
587,-297
587,-441
587,-473
587,-519
587,-581
587,-739
587,-887
587,-936
588,-67
588,-176
588,-205
588,-290
588,-415
588,-419
588,-461
588,-487
588,-513
588,-671
588,-832
588,-860
588,-918
589,-155
589,-278
589,-284
589,-438
589,-465
589,-480
589,-484
589,-738
589,-828
589,-869
589,-886
589,-902
589,-930
589,-940
590,-66
590,-86
590,-108
590,-204
590,-235
590,-289
590,-418
590,-459
590,-490
590,-518
590,-522
590,-526
590,-530
590,-693
590,-702
590,-943
591,-174
591,-276
591,-282
591,-437
591,-464
591,-494
591,-534
591,-572
591,-670
591,-737
591,-831
591,-835
591,-842
591,-937
592,-65
592,-202
592,-273
592,-415
592,-457
592,-485
592,-489
592,-633
592,-707
592,-799
592,-853
592,-878
592,-899
593,-227
593,-287
593,-463
593,-475
593,-521
593,-526
593,-533
593,-770
593,-913
593,-929
593,-941
594,-64
594,-270
594,-278
594,-419
594,-435
594,-455
594,-498
594,-530
594,-538
594,-542
594,-669
594,-837
594,-852
594,-877
595,-200
595,-282
595,-461
595,-489
595,-494
595,-571
595,-711
595,-723
595,-798
595,-828
595,-833
595,-866
595,-897
595,-912
595,-938
595,-944
596,-63
596,-267
596,-274
596,-277
596,-415
596,-434
596,-453
596,-529
596,-541
596,-549
596,-851
596,-924
597,-108
597,-156
597,-198
597,-419
597,-459
597,-485
597,-493
597,-504
597,-535
597,-546
597,-619
597,-827
597,-840
597,-875
598,-62
598,-85
598,-263
598,-270
598,-433
598,-500
598,-539
598,-553
598,-557
598,-716
598,-836
598,-890
598,-941
599,-155
599,-196
599,-450
599,-455
599,-464
599,-476
599,-497
599,-545
599,-618
599,-664
599,-789
599,-849
599,-923
599,-938
600,-61
600,-227
600,-252
600,-260
600,-266
600,-273
600,-415
600,-419
600,-460
600,-468
600,-503
600,-551
600,-561
600,-565
600,-826
600,-866
600,-944
601,-84
601,-193
601,-453
601,-496
601,-508
601,-543
601,-556
601,-570
601,-837
601,-841
601,-889
601,-908
602,-60
602,-179
602,-251
602,-259
602,-269
602,-448
602,-463
602,-502
602,-549
602,-617
602,-742
602,-825
602,-941
603,-190
603,-264
603,-417
603,-452
603,-485
603,-555
603,-560
603,-565
603,-569
603,-657
603,-712
603,-722
603,-865
603,-888
603,-917
603,-936
604,-83
604,-131
604,-226
604,-250
604,-258
604,-446
604,-462
604,-467
604,-471
604,-495
604,-506
604,-511
604,-515
604,-574
604,-578
604,-598
604,-773
604,-838
604,-902
604,-946
605,-59
605,-147
605,-415
605,-451
605,-583
605,-616
605,-645
605,-824
605,-844
605,-879
605,-916
605,-941
606,-188
606,-257
606,-263
606,-443
606,-481
606,-505
606,-510
606,-562
606,-567
606,-573
606,-587
606,-704
606,-772
606,-841
606,-853
606,-863
606,-933
606,-945
607,-58
607,-112
607,-225
607,-249
607,-435
607,-466
607,-474
607,-518
607,-580
607,-591
607,-940
608,-80
608,-186
608,-255
608,-262
608,-418
608,-441
608,-447
608,-470
608,-514
608,-522
608,-571
608,-595
608,-703
608,-728
608,-839
608,-852
608,-878
609,-179
609,-426
609,-494
609,-577
609,-584
609,-589
609,-771
609,-822
609,-911
609,-928
609,-944
610,-57
610,-185
610,-224
610,-246
610,-252
610,-415
610,-440
610,-446
610,-463
610,-478
610,-512
610,-521
610,-594
610,-599
610,-744
610,-795
610,-843
610,-891
610,-901
611,-131
611,-470
611,-474
611,-518
611,-526
611,-581
611,-587
611,-603
611,-810
611,-910
611,-939
611,-943
612,-56
612,-71
612,-177
612,-249
612,-419
612,-439
612,-456
612,-511
612,-607
612,-611
612,-840
612,-846
612,-876
613,-184
613,-243
613,-254
613,-436
613,-444
613,-473
613,-490
613,-525
613,-592
613,-597
613,-602
613,-682
613,-697
613,-733
613,-766
613,-864
613,-942
614,-165
614,-247
614,-416
614,-478
614,-482
614,-504
614,-521
614,-530
614,-617
614,-844
614,-890
614,-923
615,-55
615,-69
615,-214
615,-434
615,-472
615,-534
615,-596
615,-606
615,-614
615,-670
615,-765
615,-873
615,-939
616,-181
616,-240
616,-245
616,-420
616,-442
616,-455
616,-525
616,-610
616,-621
616,-841
616,-856
616,-934
617,-153
617,-177
617,-416
617,-439
617,-477
617,-485
617,-501
617,-529
617,-603
617,-658
617,-729
617,-764
617,-848
617,-889
617,-903
617,-912
617,-922
617,-943
618,-54
618,-116
618,-236
618,-243
618,-432
618,-467
618,-481
618,-533
618,-538
618,-609
618,-618
618,-625
618,-844
618,-872
619,-175
619,-436
619,-614
619,-629
619,-647
619,-728
619,-739
619,-763
619,-940
620,-66
620,-115
620,-232
620,-239
620,-419
620,-453
620,-484
620,-497
620,-518
620,-532
620,-537
620,-621
620,-842
620,-864
620,-887
621,-53
621,-135
621,-416
621,-431
621,-479
621,-489
621,-528
621,-542
621,-625
621,-849
621,-934
621,-944
622,-172
622,-229
622,-235
622,-435
622,-466
622,-483
622,-496
622,-513
622,-618
622,-632
622,-636
622,-699
622,-727
622,-812
622,-829
622,-846
623,-214
623,-239
623,-444
623,-536
623,-541
623,-624
623,-858
623,-885
623,-903
623,-912
623,-922
623,-940
624,-56
624,-109
624,-154
624,-227
624,-233
624,-420
624,-434
624,-465
624,-487
624,-512
624,-546
624,-629
624,-744
624,-757
624,-843
624,-933
624,-944
625,-52
625,-169
625,-213
625,-417
625,-430
625,-491
625,-495
625,-540
625,-634
625,-639
625,-803
625,-850
625,-872
626,-97
626,-225
626,-454
626,-464
626,-485
626,-511
626,-528
626,-628
626,-687
626,-719
626,-847
626,-882
626,-942
627,-55
627,-168
627,-180
627,-230
627,-433
627,-490
627,-546
627,-550
627,-633
627,-638
627,-643
627,-802
627,-901
627,-921
628,-96
628,-212
628,-417
628,-421
628,-443
628,-479
628,-542
628,-661
628,-677
628,-718
628,-746
628,-844
628,-866
628,-881
628,-939
629,-51
629,-223
629,-430
629,-489
629,-497
629,-509
629,-527
629,-647
629,-801
629,-851
629,-933
630,-153
630,-166
630,-227
630,-494
630,-551
630,-637
630,-642
630,-848
630,-862
630,-899
630,-914
630,-942
631,-421
631,-440
631,-454
631,-540
631,-547
631,-555
631,-646
631,-800
631,-880
631,-932
632,-53
632,-152
632,-165
632,-204
632,-220
632,-225
632,-417
632,-433
632,-466
632,-493
632,-500
632,-550
632,-749
632,-845
632,-939
633,-91
633,-478
633,-504
633,-525
633,-641
633,-650
633,-654
633,-799
633,-834
633,-852
633,-872
633,-879
633,-897
633,-931
634,-50
634,-217
634,-223
634,-421
634,-430
634,-453
634,-498
634,-558
634,-705
634,-848
634,-938
635,-140
635,-163
635,-199
635,-214
635,-477
635,-503
635,-524
635,-549
635,-554
635,-646
635,-751
635,-896
635,-913
635,-924
636,-53
636,-81
636,-418
636,-434
636,-452
636,-491
636,-562
636,-650
636,-704
636,-845
636,-852
636,-877
637,-162
637,-198
637,-212
637,-220
637,-476
637,-500
637,-508
637,-516
637,-539
637,-654
637,-658
637,-766
637,-780
637,-796
637,-865
637,-936
637,-941
638,-50
638,-80
638,-129
638,-422
638,-431
638,-443
638,-554
638,-558
638,-750
638,-849
638,-895
639,-159
639,-210
639,-217
639,-467
639,-506
639,-515
639,-538
639,-562
639,-652
639,-755
639,-923
639,-933
640,-49
640,-79
640,-419
640,-434
640,-503
640,-657
640,-662
640,-675
640,-687
640,-701
640,-845
640,-852
640,-874
640,-882
640,-894
640,-939
641,-122
641,-156
641,-191
641,-208
641,-215
641,-452
641,-490
641,-511
641,-557
641,-566
641,-728
641,-745
641,-912
641,-932
642,-78
642,-424
642,-431
642,-466
642,-536
642,-561
642,-655
642,-661
642,-836
642,-848
642,-887
642,-937
643,-53
643,-154
643,-205
643,-213
643,-420
643,-502
643,-509
643,-514
643,-527
643,-551
643,-565
643,-755
643,-865
643,-911
643,-931
644,-49
644,-77
644,-435
644,-488
644,-845
644,-851
644,-891
645,-118
645,-153
645,-201
645,-210
645,-423
645,-445
645,-478
645,-501
645,-513
645,-526
645,-659
645,-664
645,-668
645,-759
645,-910
645,-924
645,-930
646,-76
646,-206
646,-433
646,-463
646,-518
646,-550
646,-562
646,-568
646,-572
646,-797
646,-844
646,-864
646,-883
646,-935
647,-49
647,-148
647,-420
647,-663
647,-757
647,-849
647,-894
647,-898
647,-909
648,-190
648,-198
648,-203
648,-454
648,-477
648,-523
648,-565
648,-571
648,-856
648,-876
648,-928
648,-934
649,-114
649,-147
649,-153
649,-424
649,-433
649,-437
649,-514
649,-519
649,-667
649,-671
649,-782
649,-835
649,-843
649,-848
649,-853
649,-902
649,-923
650,-48
650,-189
650,-197
650,-202
650,-499
650,-545
650,-569
650,-747
650,-906
650,-927
650,-932
651,-52
651,-146
651,-422
651,-446
651,-463
651,-489
651,-513
651,-522
651,-538
651,-577
651,-665
651,-704
651,-730
651,-759
651,-781
651,-847
651,-875
651,-892
651,-919
652,-196
652,-474
652,-527
652,-562
652,-574
652,-670
652,-675
652,-688
652,-762
652,-833
652,-842
652,-852
652,-859
652,-910
652,-915
652,-923
653,-51
653,-76
653,-188
653,-201
653,-428
653,-435
653,-439
653,-521
653,-570
653,-856
653,-863
653,-874
653,-930
654,-424
654,-510
654,-526
654,-555
654,-669
654,-761
654,-820
654,-832
654,-841
654,-889
654,-922
655,-48
655,-143
655,-148
655,-194
655,-438
655,-455
655,-488
655,-531
655,-577
655,-581
655,-846
655,-855
655,-868
655,-927
656,-180
656,-199
656,-500
656,-509
656,-573
656,-673
656,-677
656,-725
656,-839
656,-861
656,-903
656,-919
657,-147
657,-191
657,-424
657,-428
657,-464
657,-474
657,-530
657,-551
657,-865
657,-915
658,-50
658,-141
658,-187
658,-438
658,-485
658,-527
658,-535
658,-543
658,-577
658,-672
658,-761
658,-765
658,-813
658,-829
658,-833
658,-837
658,-844
658,-859
658,-871
658,-888
658,-911
658,-923
659,-116
659,-176
659,-190
659,-442
659,-451
659,-571
659,-581
659,-585
659,-679
659,-705
659,-864
659,-876
659,-902
660,-48
660,-76
660,-564
660,-683
660,-749
660,-805
660,-826
660,-842
660,-869
660,-915
660,-919
661,-115
661,-185
661,-426
661,-430
661,-484
661,-524
661,-533
661,-540
661,-584
661,-676
661,-764
661,-784
661,-831
661,-836
661,-874
661,-881
661,-908
661,-923
662,-52
662,-136
662,-141
662,-189
662,-440
662,-462
662,-508
662,-537
662,-579
662,-681
662,-822
662,-867
662,-885
662,-898
662,-912
663,-114
663,-175
663,-183
663,-429
663,-444
663,-473
663,-499
663,-561
663,-826
663,-830
663,-879
663,-891
663,-895
663,-904
664,-49
664,-519
664,-552
664,-582
664,-588
664,-678
664,-725
664,-765
664,-820
664,-872
664,-888
664,-901
664,-908
664,-917
665,-181
665,-188
665,-434
665,-443
665,-472
665,-498
665,-539
665,-543
665,-684
665,-697
665,-804
665,-825
665,-876
665,-883
665,-894
665,-914
666,-48
666,-139
666,-429
666,-456
666,-586
666,-592
666,-769
666,-817
666,-887
666,-900
667,-76
667,-170
667,-180
667,-433
667,-448
667,-471
667,-485
667,-517
667,-536
667,-547
667,-581
667,-681
667,-724
667,-749
667,-823
667,-880
667,-906
667,-911
668,-53
668,-136
668,-176
668,-496
668,-561
668,-573
668,-590
668,-686
668,-766
668,-803
668,-815
668,-886
668,-892
668,-897
669,-106
669,-445
669,-544
669,-690
669,-820
669,-903
670,-49
670,-179
670,-431
670,-464
670,-495
670,-512
670,-531
670,-550
670,-572
670,-587
670,-596
670,-683
670,-723
670,-802
670,-813
671,-134
671,-161
671,-174
671,-435
671,-451
671,-593
671,-688
671,-768
672,-53
672,-170
672,-448
672,-463
672,-494
672,-547
672,-554
672,-817
673,-49
673,-100
673,-434
673,-439
673,-528
673,-591
673,-685
673,-767
673,-788
673,-810
674,-132
674,-155
674,-175
674,-483
674,-551
674,-566
674,-586
674,-597
674,-601
674,-693
674,-715
674,-813
675,-53
675,-168
675,-438
675,-450
675,-458
675,-491
675,-511
675,-557
675,-690
675,-806
676,-98
676,-130
676,-154
676,-172
676,-475
676,-522
676,-541
676,-595
676,-687
676,-714
676,-770
676,-812
677,-49
677,-436
677,-453
677,-457
677,-554
677,-561
677,-582
677,-600
677,-785
677,-804
678,-125
678,-166
678,-442
678,-540
678,-692
678,-769
678,-809
679,-52
679,-82
679,-170
679,-452
679,-521
679,-559
679,-575
679,-597
679,-604
679,-755
680,-130
680,-150
680,-164
680,-439
680,-508
680,-552
680,-689
680,-695
680,-774
680,-807
681,-50
681,-169
681,-459
681,-471
681,-483
681,-492
681,-520
681,-535
681,-566
681,-601
681,-607
682,-124
682,-129
682,-149
682,-162
682,-444
682,-456
682,-562
682,-593
682,-698
682,-714
682,-754
682,-771
682,-804
683,-441
683,-470
683,-502
683,-551
683,-606
683,-611
683,-692
683,-809
684,-50
684,-54
684,-160
684,-167
684,-447
684,-482
684,-517
684,-565
684,-585
684,-603
684,-696
684,-775
685,-100
685,-123
685,-459
685,-463
685,-501
685,-570
685,-804
685,-808
686,-158
686,-165
686,-443
686,-516
686,-535
686,-580
686,-611
686,-694
686,-772
687,-122
687,-450
687,-547
687,-568
687,-607
687,-615
687,-803
688,-51
688,-55
688,-84
688,-154
688,-163
688,-446
688,-461
688,-534
688,-574
688,-600
688,-698
688,-702
688,-776
689,-158
689,-465
689,-494
689,-513
689,-610
689,-619
689,-749
689,-802
689,-808
690,-120
690,-151
690,-454
690,-484
690,-533
690,-561
690,-571
690,-593
690,-614
690,-695
690,-701
690,-774
691,-51
691,-55
691,-447
691,-451
691,-469
691,-477
691,-807
692,-119
692,-148
692,-154
692,-158
692,-465
692,-504
692,-570
692,-576
692,-580
692,-612
692,-618
692,-800
693,-450
693,-530
693,-556
693,-590
693,-622
693,-698
693,-741
693,-774
693,-805
694,-83
694,-147
694,-457
694,-494
694,-513
694,-548
694,-702
694,-722
695,-52
695,-56
695,-117
695,-142
695,-152
695,-454
695,-469
695,-473
695,-578
695,-605
695,-616
695,-625
695,-706
695,-778
695,-803
696,-130
696,-525
696,-568
696,-620
696,-629
696,-700
697,-82
697,-116
697,-146
697,-151
697,-452
697,-460
697,-491
697,-581
697,-585
697,-624
697,-775
697,-800
698,-53
698,-108
698,-471
698,-483
698,-545
698,-601
698,-704
698,-806
699,-115
699,-141
699,-145
699,-456
699,-475
699,-505
699,-523
699,-580
699,-614
699,-623
699,-632
699,-741
699,-768
699,-799
700,-56
700,-81
700,-129
700,-150
700,-459
700,-563
700,-628
700,-636
700,-701
700,-804
701,-463
701,-479
701,-504
701,-515
701,-538
701,-556
701,-579
701,-586
701,-590
701,-598
701,-707
701,-767
701,-777
702,-53
702,-114
702,-139
702,-475
702,-627
702,-798
703,-80
703,-143
703,-147
703,-457
703,-462
703,-492
703,-503
703,-589
703,-613
703,-632
703,-636
703,-641
703,-704
703,-766
703,-806
704,-57
704,-467
704,-535
704,-573
704,-711
704,-802
705,-111
705,-137
705,-142
705,-461
705,-479
705,-483
705,-491
705,-552
705,-588
705,-626
705,-635
705,-640
705,-707
705,-726
705,-765
705,-779
706,-55
706,-466
706,-526
706,-596
706,-610
706,-794
706,-801
707,-110
707,-128
707,-134
707,-140
707,-471
707,-547
707,-568
707,-593
707,-625
707,-645
707,-705
707,-806
708,-59
708,-483
708,-520
708,-637
708,-710
708,-743
708,-764
708,-793
709,-74
709,-109
709,-464
709,-487
709,-503
709,-562
709,-585
709,-607
709,-641
709,-649
709,-779
709,-800
710,-55
710,-132
710,-137
710,-468
710,-474
710,-596
710,-600
710,-644
710,-708
710,-714
710,-804
711,-62
711,-122
711,-486
711,-515
711,-534
711,-543
711,-580
711,-623
711,-648
711,-763
712,-58
712,-107
712,-128
712,-135
712,-471
712,-653
712,-713
712,-803
713,-477
713,-490
713,-500
713,-514
713,-559
713,-601
713,-605
713,-642
713,-647
713,-709
713,-799
714,-62
714,-131
714,-469
714,-574
714,-595
714,-656
714,-762
714,-780
715,-57
715,-105
715,-126
715,-474
715,-495
715,-529
715,-554
715,-604
715,-618
715,-636
715,-793
715,-798
716,-61
716,-130
716,-480
716,-492
716,-512
716,-542
716,-650
716,-654
716,-711
716,-715
717,-118
717,-123
717,-473
717,-528
717,-570
717,-591
717,-659
717,-663
717,-802
718,-60
718,-103
718,-108
718,-129
718,-478
718,-511
718,-608
718,-612
718,-630
718,-714
718,-737
718,-780
719,-122
719,-484
719,-495
719,-499
719,-541
719,-584
719,-604
719,-654
719,-658
719,-719
719,-798
720,-93
720,-102
720,-127
720,-477
720,-554
720,-611
720,-646
720,-712
720,-792
721,-64
721,-121
721,-482
721,-508
721,-566
721,-603
721,-625
721,-663
721,-667
721,-718
721,-753
721,-797
721,-802
722,-60
722,-67
722,-117
722,-498
722,-527
722,-581
722,-617
722,-659
722,-780
723,-101
723,-120
723,-126
723,-481
723,-487
723,-507
723,-540
723,-565
723,-614
723,-640
723,-666
723,-715
724,-86
724,-491
724,-502
724,-526
724,-599
724,-779
724,-796
724,-801
725,-63
725,-67
725,-100
725,-114
725,-119
725,-485
725,-506
725,-554
725,-578
725,-621
725,-654
725,-662
725,-671
725,-719
725,-737
726,-594
726,-617
726,-635
726,-666
726,-791
726,-800
727,-66
727,-111
727,-117
727,-484
727,-490
727,-505
727,-625
727,-716
727,-722
727,-769
727,-796
728,-72
728,-98
728,-523
728,-577
728,-593
728,-613
728,-634
728,-671
728,-780
729,-65
729,-108
729,-115
729,-489
729,-494
729,-498
729,-539
729,-551
729,-565
729,-621
729,-649
729,-667
729,-675
729,-725
729,-790
729,-795
730,-70
730,-86
730,-97
730,-522
730,-592
730,-625
730,-719
731,-105
731,-112
731,-493
731,-509
731,-513
731,-550
731,-630
731,-674
731,-723
731,-780
731,-799
732,-69
732,-96
732,-537
732,-564
732,-609
732,-647
732,-661
732,-670
733,-75
733,-102
733,-109
733,-492
733,-498
733,-577
733,-591
733,-627
733,-678
733,-721
733,-793
733,-797
734,-502
734,-515
734,-634
734,-660
734,-727
734,-758
734,-790
735,-71
735,-78
735,-81
735,-100
735,-106
735,-112
735,-497
735,-535
735,-590
735,-631
735,-646
735,-673
735,-677
735,-682
735,-779
735,-783
735,-796
736,-85
736,-92
736,-96
736,-505
736,-562
736,-608
736,-638
736,-723
737,-74
737,-104
737,-518
737,-589
737,-620
737,-726
737,-731
737,-772
737,-782
737,-790
737,-795
738,-84
738,-89
738,-500
738,-504
738,-522
738,-530
738,-550
738,-561
738,-577
738,-635
738,-676
738,-681
738,-745
739,-77
739,-81
739,-97
739,-101
739,-510
739,-628
739,-643
739,-725
739,-730
739,-789
740,-93
740,-503
740,-549
740,-576
740,-607
740,-639
740,-659
740,-685
740,-780
740,-794
741,-87
741,-508
741,-524
741,-671
741,-679
741,-788
742,-82
742,-91
742,-97
742,-642
742,-683
742,-734
743,-507
743,-513
743,-543
743,-561
743,-575
743,-605
743,-646
743,-657
743,-727
743,-731
743,-780
743,-785
744,-517
744,-527
744,-620
744,-650
744,-670
744,-688
744,-792
745,-511
745,-537
745,-590
745,-629
745,-645
745,-681
745,-737
745,-773
745,-784
746,-560
746,-599
746,-638
746,-685
746,-731
746,-761
746,-780
746,-789
747,-510
747,-516
747,-521
747,-531
747,-574
747,-619
747,-654
747,-735
748,-552
748,-650
748,-684
748,-692
748,-740
748,-744
748,-779
748,-787
749,-520
749,-536
749,-689
749,-734
749,-760
750,-516
750,-573
750,-615
750,-654
750,-667
750,-681
750,-743
750,-784
751,-527
751,-549
751,-589
751,-599
751,-658
751,-688
751,-738
751,-775
751,-779
752,-524
752,-609
752,-636
752,-748
753,-520
753,-540
753,-646
753,-657
753,-662
753,-676
753,-687
753,-695
753,-737
753,-772
753,-778
754,-568
754,-587
754,-630
754,-692
754,-742
754,-746
754,-752
755,-524
755,-529
755,-561
755,-645
755,-675
755,-756
755,-760
755,-766
755,-770
755,-776
756,-533
756,-586
756,-661
756,-745
756,-751
757,-527
757,-545
757,-624
757,-689
757,-759
757,-764
757,-774
758,-532
758,-554
758,-578
758,-601
758,-610
758,-665
758,-669
758,-693
758,-696
758,-749
759,-537
759,-619
759,-657
759,-755
759,-763
759,-771
760,-530
760,-600
760,-638
760,-668
760,-687
760,-700
760,-768
761,-541
761,-553
761,-572
761,-647
761,-753
761,-759
762,-534
762,-693
762,-697
763,-538
763,-566
763,-589
763,-599
763,-632
763,-671
763,-682
764,-544
764,-618
764,-646
764,-696
765,-536
765,-565
765,-584
765,-666
765,-674
765,-701
766,-541
766,-548
766,-645
766,-695
767,-614
767,-629
767,-660
767,-673
768,-546
768,-564
768,-580
768,-692
768,-703
769,-543
769,-552
769,-598
769,-641
769,-682
769,-699
770,-579
770,-611
770,-677
771,-550
771,-627
771,-703
772,-546
772,-557
772,-578
772,-640
772,-672
772,-680
772,-699
773,-554
773,-594
773,-608
773,-707
774,-625
774,-657
774,-665
774,-692
774,-702
775,-551
775,-562
775,-593
775,-607
775,-681
776,-559
776,-573
776,-701
777,-555
777,-623
777,-653
777,-685
777,-706
778,-566
778,-606
778,-639
778,-710
779,-562
779,-590
779,-674
779,-683
780,-558
780,-565
780,-622
780,-650
780,-703
780,-707
781,-572
781,-582
781,-666
782,-569
782,-638
782,-687
782,-696
783,-563
783,-603
783,-705
783,-710
784,-663
785,-567
785,-574
785,-578
785,-618
785,-636
785,-681
785,-690
785,-708
786,-571
786,-597
786,-713
787,-577
787,-589
787,-650
787,-659
788,-612
788,-631
788,-675
788,-703
788,-709
789,-573
789,-581
789,-588
789,-694
789,-716
790,-584
790,-626
790,-689
790,-712
791,-577
791,-606
791,-648
792,-587
792,-671
792,-710
793,-580
793,-621
793,-660
793,-684
793,-703
793,-715
794,-584
794,-592
794,-602
794,-640
795,-659
795,-718
796,-589
796,-596
796,-615
796,-681
796,-699
796,-712
797,-586
797,-635
797,-649
797,-716
798,-593
798,-671
799,-599
799,-629
799,-694
799,-714
799,-721
800,-591
800,-602
800,-612
801,-596
801,-658
801,-718
802,-601
802,-606
802,-624
802,-645
802,-670
802,-682
802,-692
803,-657
803,-708
803,-715
804,-598
804,-609
804,-623
804,-721
805,-639
805,-724
806,-603
806,-606
806,-612
806,-616
806,-654
806,-704
806,-718
807,-670
807,-682
807,-723
808,-636
809,-608
809,-612
809,-618
809,-622
809,-669
809,-692
809,-702
809,-719
810,-635
810,-651
810,-726
811,-615
811,-722
812,-627
812,-634
812,-650
812,-715
813,-613
813,-619
813,-623
813,-666
813,-691
813,-719
813,-725
814,-633
814,-682
814,-714
815,-622
815,-629
815,-711
816,-632
816,-663
816,-702
816,-722
817,-626
817,-708
817,-718
818,-637
818,-650
818,-662
818,-679
818,-714
819,-629
819,-641
819,-692
819,-707
820,-633
820,-678
820,-702
820,-712
821,-640
821,-645
821,-649
821,-661
821,-706
822,-636
822,-699
823,-648
823,-677
823,-711
824,-640
824,-695
824,-702
824,-706
825,-644
825,-653
825,-657
825,-676
825,-691
826,-698
826,-705
827,-647
827,-651
827,-661
827,-689
828,-656
828,-694
828,-701
829,-660
829,-665
829,-669
829,-685
830,-653
830,-689
830,-693
830,-698
831,-664
831,-673
831,-677
831,-681
832,-658
832,-685
833,-663
833,-671
834,-668
834,-676
834,-680
834,-689
835,-684
836,-667
837,-673
837,-678